<?xml version="1.0" encoding="UTF-8"?>
<project-private xmlns="http://www.netbeans.org/ns/project-private/1">
    <editor-bookmarks xmlns="http://www.netbeans.org/ns/editor-bookmarks/2" lastBookmarkId="0"/>
    <open-files xmlns="http://www.netbeans.org/ns/projectui-open-files/2">
        <group>
            <file>file:/D:/Design%20Pattern/Midlab/src/midlab/ComputerLab.java</file>
            <file>file:/D:/Design%20Pattern/Midlab/src/midlab/Tuple.java</file>
            <file>file:/D:/Design%20Pattern/Midlab/src/midlab/ComputerIterator.java</file>
            <file>file:/D:/Design%20Pattern/Midlab/src/midlab/LinuxAllocation.java</file>
            <file>file:/D:/Design%20Pattern/Midlab/src/midlab/Student.java</file>
            <file>file:/D:/Design%20Pattern/Midlab/src/midlab/Computer.java</file>
            <file>file:/D:/Design%20Pattern/Midlab/src/midlab/Main.java</file>
            <file>file:/D:/Design%20Pattern/Midlab/src/midlab/ComputerIteratorImpl.java</file>
            <file>file:/D:/Design%20Pattern/Midlab/src/midlab/AllocationStrategy.java</file>
        </group>
    </open-files>
</project-private>
